date,correlation,fisher_z,p_value,sample_size,user_key
29,0.8845357106432692,1.3962377315480592,8.932121865801437e-11,30,294
30,0.8605501562757761,1.2954612562506604,1.0754704879836816e-09,30,294
31,0.8799495244477665,1.3755439614107028,1.4963703713235022e-10,30,294
32,0.894944244390594,1.4462267397854023,2.5432242717163864e-11,30,294
33,0.869272248850078,1.3300937685937153,4.6059938601016945e-10,30,294
34,0.8420085083735048,1.2280353273940527,5.474669090129778e-09,30,294
35,0.8374477288356834,1.2125665825206164,7.915251177130004e-09,30,294
36,0.8019608994540958,1.104083125406866,9.944105599946891e-08,30,294
37,0.7746696332525005,1.0319009702544681,5.050056409192482e-07,30,294
38,0.7585505385023757,0.9927925045106818,1.1915270193672788e-06,30,294
39,0.7700602634744859,1.0204758063321149,6.500288422196088e-07,30,294
40,0.7356374364945418,0.9409042579413,3.6265199212425115e-06,30,294
41,0.7101362351355199,0.8874586398607351,1.1040986446557745e-05,30,294
42,0.6645322738707385,0.8008868454536975,6.199945187346669e-05,30,294
43,0.6085491084873762,0.7066139030050629,0.00035955606327251356,30,294
44,0.5482715194201374,0.6159065731285541,0.0017083686204528378,30,294
45,0.6066329667021689,0.7035764200388078,0.00037964671648094925,30,294
46,0.6500761401295921,0.7754305618864735,0.00010096831763117767,30,294
47,0.6287356142987592,0.7393224286567013,0.00019838678817037838,30,294
48,0.6753965986705227,0.8206005290032995,4.2230012241708136e-05,30,294
49,0.6709502883429822,0.8124694699476251,4.9509840892749403e-05,30,294
50,0.6772871248868108,0.8240849821131073,3.94366762837437e-05,30,294
51,0.6772871248868108,0.8240849821131073,3.94366762837437e-05,30,294
52,0.6772871248868108,0.8240849821131073,3.94366762837437e-05,30,294
53,0.6708888847807472,0.8123578000845172,4.9617781409147806e-05,30,294
54,0.6674615783817193,0.8061511644573987,5.598689921803191e-05,30,294
55,0.666686087873559,0.8047539152042055,5.7525634834815225e-05,30,294
56,0.6683600218787648,0.8077732114034003,5.4250282200505955e-05,30,294
58,0.6683600218787648,0.8077732114034003,5.4250282200505955e-05,30,294
59,0.6723732865143552,0.8150620672800636,4.706648293858624e-05,30,294
60,0.6723732865143552,0.8150620672800636,4.706648293858624e-05,30,294
61,0.6723732865143552,0.8150620672800636,4.706648293858624e-05,30,294
62,0.6617754835501941,0.7959659766776663,6.817807418459878e-05,30,294
63,0.655874677047661,0.7855393760169508,8.328469318223507e-05,30,294
64,0.6711288441003884,0.8127942904760448,4.919715245562768e-05,30,294
65,0.6711288441003884,0.8127942904760448,4.919715245562768e-05,30,294
66,0.6679988803843955,0.8071207852195648,5.4942464159867656e-05,30,294
67,0.6711288441003884,0.8127942904760448,4.919715245562768e-05,30,294
68,0.6891788985532163,0.8463901604217473,2.5347839580598295e-05,30,294
69,0.720133272874751,0.9079217678652672,7.238906844634875e-06,30,294
70,0.6712823872007275,0.8130737224087441,4.892968030872551e-05,30,294
71,0.7126295537994949,0.8925065411815446,9.953910144805534e-06,30,294
72,0.7478489966039176,0.9680565191125646,2.0332563100576607e-06,30,294
74,0.7586382089323286,0.9929990140289274,1.1861891794145043e-06,30,294
75,0.7429561764976619,0.9570456564047697,2.573613832541724e-06,30,294
76,0.7520973713692044,0.9777664023196058,1.6498334575495901e-06,30,294
77,0.6835126267593825,0.8356771965307613,3.136917039578355e-05,30,294
78,0.6867823711252687,0.8418399109457642,2.7754790898852875e-05,30,294
79,0.741257593481356,0.9532649443301452,2.7896388222860544e-06,30,294
81,0.7411111426631074,0.9529399643933752,2.8090116547369333e-06,30,294
82,0.7461271121824303,0.9641609177970787,2.2104063370025335e-06,30,294
83,0.7457936984230258,0.963409212221977,2.2462815629521703e-06,30,294
84,0.7619588265098759,1.0008688910909174,9.992955354683278e-07,30,294
86,0.7745226610316653,1.0315335404337789,5.091329759200277e-07,30,294
87,0.7703483860991459,1.0211840980513636,6.399601949503893e-07,30,294
88,0.6876950492137424,0.8435694419807159,2.6814983311463017e-05,30,294
89,0.6671314716131332,0.8055560722309179,5.66373444797484e-05,30,294
90,0.6491549603287101,0.7738368234411449,0.00010406613950909022,30,294
91,0.6491549603287101,0.7738368234411449,0.00010406613950909022,30,294
92,0.6587271244509841,0.7905617079435597,7.564523602996964e-05,30,294
94,0.6637551206245443,0.7994963726442404,6.368847000580357e-05,30,294
95,0.6637551206245443,0.7994963726442404,6.368847000580357e-05,30,294
96,0.6741775702029914,0.8183623908605003,4.41238232347655e-05,30,294
97,0.7281389573921923,0.9247546491488811,5.095443737835162e-06,30,294
102,0.7076268068797761,0.8824144042270433,1.2241917047355918e-05,30,294
103,0.704068095120182,0.8753221458696193,1.4146818939686658e-05,30,294
104,0.6969419221805008,0.8613292888582741,1.8782493357881428e-05,30,294
105,0.7186004046898101,0.9047449069031902,7.731855529561363e-06,30,294
106,0.7235215506957976,0.914996006508798,6.24840404738365e-06,30,294
107,0.7251443601030875,0.9184099994876589,5.818814258178322e-06,30,294
108,0.7251443601030875,0.9184099994876589,5.818814258178322e-06,30,294
109,0.6684760051270725,0.8079828636266504,5.402964276434272e-05,30,294
110,0.6147417438652092,0.7165082036948458,0.0003008915626057737,30,294
111,0.6303248343605107,0.7419549347513215,0.00018897974829592903,30,294
112,0.6303248343605107,0.7419549347513215,0.00018897974829592903,30,294
113,0.5566188539334246,0.6279207858511205,0.0014008632446885698,30,294
114,0.6197327403766955,0.7245710596158891,0.0002599433903432997,30,294
115,0.6197327403766955,0.7245710596158891,0.0002599433903432997,30,294
116,0.6085800857441496,0.7066631006538082,0.00035923913050332377,30,294
117,0.577516729466857,0.658728674883714,0.0008326941756065283,30,294
118,0.6297566721066423,0.7410127846501039,0.00019229639271695783,30,294
119,0.5978959944601441,0.6898661319922857,0.00048435663718154675,30,294
120,0.5802742094604412,0.6628760214316819,0.0007754307735174703,30,294
121,0.5183430550306926,0.5740713978298314,0.003342601167674603,30,294
122,0.5183430550306926,0.5740713978298314,0.003342601167674603,30,294
123,0.5183430550306926,0.5740713978298314,0.003342601167674603,30,294
124,0.5210135000067175,0.577729877340159,0.0031559835633871644,30,294
125,0.49493376421726654,0.5425737996657255,0.005426221277134364,30,294
126,0.49493376421726654,0.5425737996657255,0.005426221277134364,30,294
127,0.49493376421726654,0.5425737996657255,0.005426221277134364,30,294
128,0.4467469044706213,0.48062861335985196,0.013326947517820693,30,294
129,0.4738170306435755,0.5149809655635399,0.008170410969415079,30,294
130,0.419253896457188,0.4467864626033953,0.021100572578457766,30,294
131,0.3668439041456254,0.384771326452756,0.046147314102269764,30,294
132,0.321742938568228,0.33359009493880504,0.082950187440854,30,294
133,0.2211917785074555,0.2249088492366788,0.24013170766078354,30,294
134,0.19600665337782805,0.1985762518604375,0.29923873295911607,30,294
135,0.230329717610667,0.2345376285446651,0.22076061470867203,30,294
136,0.230329717610667,0.2345376285446651,0.22076061470867203,30,294
137,0.267265706945327,0.2739168640196265,0.15335020278298725,30,294
138,0.267265706945327,0.2739168640196265,0.15335020278298725,30,294
139,0.3050343417048702,0.31506110153712336,0.10119638124677457,30,294
140,0.34605428561694523,0.3609542489887064,0.061037228772496115,30,294
141,0.4136998606244655,0.44006685979657206,0.02305401261258531,30,294
142,0.4136998606244655,0.44006685979657206,0.02305401261258531,30,294
143,0.45904602964447316,0.49610195204149865,0.010721180257077738,30,294
144,0.4280642716498335,0.4575242640012119,0.01828260028665651,30,294
145,0.4624827268079465,0.5004649363249654,0.010074803428957356,30,294
146,0.41981285403584123,0.4474648160133701,0.020911765157141902,30,294
147,0.41981285403584123,0.4474648160133701,0.020911765157141902,30,294
148,0.3248081784825787,0.33701306322830393,0.07989580351511572,30,294
151,0.3248081784825787,0.33701306322830393,0.07989580351511572,30,294
152,0.10264696034190664,0.10300976647930637,0.5893624555201931,30,294
153,0.08107974208255384,0.08125811688948781,0.6701629820305514,30,294
154,0.08107974208255384,0.08125811688948781,0.6701629820305514,30,294
155,0.11132044457021514,0.11178373077916783,0.5581147621944771,30,294
156,0.10264696034190664,0.10300976647930637,0.5893624555201931,30,294
157,0.10264696034190664,0.10300976647930637,0.5893624555201931,30,294
158,0.10264696034190664,0.10300976647930637,0.5893624555201931,30,294
159,0.10264696034190664,0.10300976647930637,0.5893624555201931,30,294
160,0.10264696034190664,0.10300976647930637,0.5893624555201931,30,294
161,0.10264696034190664,0.10300976647930637,0.5893624555201931,30,294
162,0.12491915535621556,0.1255750870912851,0.5107173282350733,30,294
163,0.26382238372998756,0.2702123147819714,0.1589192930805799,30,294
164,0.26382238372998756,0.2702123147819714,0.1589192930805799,30,294
165,0.27973916458816295,0.2873990703358435,0.13435058947321768,30,294
166,0.18470585709260784,0.18685042061176868,0.3285049931751438,30,294
167,0.18470585709260784,0.18685042061176868,0.3285049931751438,30,294
168,0.18081632653061225,0.1828264780898984,0.3389699403405048,30,294
169,0.307051685310818,0.3172869217043514,0.09884568940590263,30,294
170,0.3058027382682194,0.3159085484147147,0.10029610320744423,30,294
171,0.3772662585361032,0.3968683975997287,0.03985822526813596,30,294
172,0.43616246752985843,0.46748186757653454,0.01597421026775524,30,294
173,0.42485612285586954,0.45360294528543577,0.019270298570609086,30,294
174,0.47031386049552276,0.5104732630026869,0.008723431034688348,30,294
175,0.532336439210059,0.5933998919181868,0.0024608547604667618,30,294
176,0.532336439210059,0.5933998919181868,0.0024608547604667618,30,294
177,0.5808300666928519,0.6637144701406598,0.0007643150806536676,30,294
178,0.5416450699116067,0.6064807559795047,0.001992667501931824,30,294
179,0.5619494039285591,0.6356777590870385,0.0012307654586499526,30,294
180,0.5762547954490218,0.6568372938263672,0.0008601126676371317,30,294
181,0.5387691569427887,0.6024197326373627,0.0021282815575351375,30,294
182,0.6346340672640461,0.7491374197051884,0.00016543238924953226,30,294
183,0.6571440691064193,0.7877703135077222,7.980392432438868e-05,30,294
46,0.7245488422266098,0.9171552137012735,5.973259925934021e-06,30,473
48,0.7170382540345696,0.9015222124936563,8.265171938135795e-06,30,473
49,0.8026376791194596,1.1059825083867523,9.521464201791133e-08,30,473
50,0.8338032437115765,1.200487499573572,1.0542180745513748e-08,30,473
51,0.8702860775250864,1.3342576257715943,4.157379355346329e-10,30,473
52,0.8865936874858014,1.4057755722909686,7.035863481824523e-11,30,473
53,0.8831646426333164,1.3899716097062444,1.0445290625329976e-10,30,473
55,0.9059772900693145,1.5046069105381805,5.769851851391811e-12,30,473
56,0.8736017882901942,1.348090306781611,2.9555385583986857e-10,30,473
57,0.8742747002931437,1.350938835586841,2.7545960791279607e-10,30,473
63,0.857922376656071,1.2854202945423083,1.3731770694097692e-09,30,473
64,0.8512941176470589,1.2608348926810464,2.4906239300503527e-09,30,473
65,0.8059664893200376,1.1154101495005018,7.671316840517089e-08,30,473
67,0.8283190511315569,1.1827572332938268,1.60221406625594e-08,30,473
74,0.8283190511315569,1.1827572332938268,1.60221406625594e-08,30,473
75,0.8173242512678889,1.1487038951436823,3.5541825568223756e-08,30,473
79,0.8316702023417134,1.1935291860480566,1.2428097256714279e-08,30,473
82,0.8175685827568935,1.1494403184485769,3.4938292015110636e-08,30,473
83,0.7982203445847531,1.0936882350469277,1.260482191643862e-07,30,473
85,0.8175685827568935,1.1494403184485769,3.4938292015110636e-08,30,473
88,0.7982203445847531,1.0936882350469277,1.260482191643862e-07,30,473
89,0.8008333972454686,1.1009315804817439,1.0686379836043003e-07,30,473
95,0.8008333972454686,1.1009315804817439,1.0686379836043003e-07,30,473
99,0.8169980772312205,1.1477221752327504,3.636237244267157e-08,30,473
100,0.8322152323713797,1.1952995051422803,1.1918899257201463e-08,30,473
101,0.8418424370812733,1.2274649521650607,5.549776137474273e-09,30,473
102,0.8418424370812733,1.2274649521650607,5.549776137474273e-09,30,473
104,0.839788711615706,1.2204562584463248,6.55998463652586e-09,30,473
105,0.8322852740544014,1.1955273870860705,1.1854865959211863e-08,30,473
110,0.8265883557733229,1.177268502466576,1.8229472530126253e-08,30,473
112,0.8109137181430945,1.1296916924439686,5.521566920146029e-08,30,473
113,0.8213081746388823,1.1608238115352745,2.679603877817702e-08,30,473
115,0.7995892462036324,1.0974723459302138,1.1563838329518694e-07,30,473
119,0.7867488406311521,1.062841167103743,2.53218251701778e-07,30,473
123,0.7560328450244721,0.9868894364998289,1.3544319507286764e-06,30,473
128,0.7373506501810598,0.94464837254145,3.3501026357416653e-06,30,473
163,0.6897381169166782,0.8474560552577645,2.4813887026440415e-05,30,473
167,0.6493567112004405,0.7741855916946233,0.00010338052733568974,30,473
178,0.6891423584577947,0.846320567878947,2.538308499437567e-05,30,473
183,0.6886999036866582,0.8454784186329023,2.5813367042729403e-05,30,473
29,0.9977149372834371,3.386682901977142,2.555373459516329e-34,30,702
30,0.91763410681607,1.5738380178021731,9.734681013150189e-13,30,702
31,0.91763410681607,1.5738380178021731,9.734681013150189e-13,30,702
32,0.91763410681607,1.5738380178021731,9.734681013150189e-13,30,702
33,0.91763410681607,1.5738380178021731,9.734681013150189e-13,30,702
34,0.91763410681607,1.5738380178021731,9.734681013150189e-13,30,702
35,0.9079214662124181,1.5155639249267232,4.359778177353257e-12,30,702
36,0.9079214662124181,1.5155639249267232,4.359778177353257e-12,30,702
37,0.89463400672524,1.4446705114881058,2.645186223673368e-11,30,702
38,0.89463400672524,1.4446705114881058,2.645186223673368e-11,30,702
39,0.89463400672524,1.4446705114881058,2.645186223673368e-11,30,702
40,0.89463400672524,1.4446705114881058,2.645186223673368e-11,30,702
42,0.89463400672524,1.4446705114881058,2.645186223673368e-11,30,702
43,0.909631363402128,1.5253841160236654,3.3899123774090615e-12,30,702
44,0.9164616050446668,1.566464752365411,1.1777618978816035e-12,30,702
45,0.9163419338230352,1.5657177772276718,1.2006982672764465e-12,30,702
46,0.8945750668694888,1.4443753439523408,2.664977713435662e-11,30,702
47,0.8712239658585909,1.3381366484549442,3.778484879425855e-10,30,702
48,0.8712239658585909,1.3381366484549442,3.778484879425855e-10,30,702
49,0.7843184208408776,1.0564943173827024,2.919664011269439e-07,30,702
50,0.7843184208408776,1.0564943173827024,2.919664011269439e-07,30,702
52,0.7843184208408776,1.0564943173827024,2.919664011269439e-07,30,702
54,0.7843184208408776,1.0564943173827024,2.919664011269439e-07,30,702
55,0.7843184208408776,1.0564943173827024,2.919664011269439e-07,30,702
56,0.7843184208408776,1.0564943173827024,2.919664011269439e-07,30,702
57,0.7843184208408776,1.0564943173827024,2.919664011269439e-07,30,702
58,0.7843184208408776,1.0564943173827024,2.919664011269439e-07,30,702
59,0.7843184208408776,1.0564943173827024,2.919664011269439e-07,30,702
60,0.7843184208408776,1.0564943173827024,2.919664011269439e-07,30,702
61,0.7843184208408776,1.0564943173827024,2.919664011269439e-07,30,702
62,0.7843184208408776,1.0564943173827024,2.919664011269439e-07,30,702
63,0.8712239658585909,1.3381366484549442,3.778484879425855e-10,30,702
64,0.8712239658585909,1.3381366484549442,3.778484879425855e-10,30,702
65,0.8712239658585909,1.3381366484549442,3.778484879425855e-10,30,702
66,0.8712239658585909,1.3381366484549442,3.778484879425855e-10,30,702
67,0.8712239658585909,1.3381366484549442,3.778484879425855e-10,30,702
68,0.8712239658585909,1.3381366484549442,3.778484879425855e-10,30,702
69,0.8712239658585909,1.3381366484549442,3.778484879425855e-10,30,702
71,0.8712239658585909,1.3381366484549442,3.778484879425855e-10,30,702
73,0.8712239658585909,1.3381366484549442,3.778484879425855e-10,30,702
74,0.8712239658585909,1.3381366484549442,3.778484879425855e-10,30,702
75,0.8712239658585909,1.3381366484549442,3.778484879425855e-10,30,702
78,0.8712239658585909,1.3381366484549442,3.778484879425855e-10,30,702
79,0.8304547985373997,1.189600086092464,1.3636080739217726e-08,30,702
80,0.7191949522280762,0.9059753804107067,7.537173756378444e-06,30,702
81,0.0,0.0,1.0,30,702
83,0.6948083337796512,0.8571924714646776,2.0414184125051887e-05,30,702
84,0.6948083337796512,0.8571924714646776,2.0414184125051887e-05,30,702
85,0.6948083337796512,0.8571924714646776,2.0414184125051887e-05,30,702
86,1.0,4.951718775643098,0.0,30,702
87,1.0,4.951718775643098,0.0,30,702
88,1.0,4.951718775643098,0.0,30,702
89,1.0,4.951718775643098,0.0,30,702
90,1.0,4.951718775643098,0.0,30,702
91,0.9994052928406509,4.060145612748405,1.6888124461156634e-42,30,702
92,0.9995897435724774,4.245835096045126,9.345417003593247e-45,30,702
93,0.9958559638914392,3.0885790367567596,1.0517323555231762e-30,30,702
94,0.9944459485600852,2.9417969600564624,6.292038957953836e-29,30,702
95,0.9944459485600852,2.9417969600564624,6.292038957953836e-29,30,702
100,0.9944459485600852,2.9417969600564624,6.292038957953836e-29,30,702
101,0.9944459485600852,2.9417969600564624,6.292038957953836e-29,30,702
102,0.9944459485600852,2.9417969600564624,6.292038957953836e-29,30,702
103,0.9944459485600852,2.9417969600564624,6.292038957953836e-29,30,702
105,0.9944459485600852,2.9417969600564624,6.292038957953836e-29,30,702
107,0.9944459485600852,2.9417969600564624,6.292038957953836e-29,30,702
111,0.9944459485600852,2.9417969600564624,6.292038957953836e-29,30,702
112,0.9944459485600852,2.9417969600564624,6.292038957953836e-29,30,702
113,0.9944459485600852,2.9417969600564624,6.292038957953836e-29,30,702
116,0.9944459485600852,2.9417969600564624,6.292038957953836e-29,30,702
119,0.9944459485600852,2.9417969600564624,6.292038957953836e-29,30,702
120,0.9944459485600852,2.9417969600564624,6.292038957953836e-29,30,702
121,0.9944459485600852,2.9417969600564624,6.292038957953836e-29,30,702
124,0.9944459485600852,2.9417969600564624,6.292038957953836e-29,30,702
125,0.9944459485600852,2.9417969600564624,6.292038957953836e-29,30,702
127,0.9944459485600852,2.9417969600564624,6.292038957953836e-29,30,702
130,0.9944459485600852,2.9417969600564624,6.292038957953836e-29,30,702
131,0.9958559638914392,3.0885790367567596,1.0517323555231762e-30,30,702
132,0.9958559638914392,3.0885790367567596,1.0517323555231762e-30,30,702
136,0.9958559638914392,3.0885790367567596,1.0517323555231762e-30,30,702
138,0.9958559638914392,3.0885790367567596,1.0517323555231762e-30,30,702
140,0.9958559638914392,3.0885790367567596,1.0517323555231762e-30,30,702
141,0.9958559638914392,3.0885790367567596,1.0517323555231762e-30,30,702
143,0.9958559638914392,3.0885790367567596,1.0517323555231762e-30,30,702
145,0.9958559638914392,3.0885790367567596,1.0517323555231762e-30,30,702
159,0.998768472906404,3.69601578375733,4.4861537932248853e-38,30,702
163,0.9994052928406508,4.060145612748312,1.6888124461200782e-42,30,702
167,1.0,4.951718775643098,0.0,30,702
174,0.0,0.0,1.0,30,702
176,0.0,0.0,1.0,30,702
177,0.0,0.0,1.0,30,702
178,0.0,0.0,1.0,30,702
179,0.0,0.0,1.0,30,702
180,0.0,0.0,1.0,30,702
181,0.0,0.0,1.0,30,702
182,0.0,0.0,1.0,30,702
